{
    "Ar36": {
        "error": 0.00025986559548050217, 
        "filter_outliers_dict": {
            "filter_outliers": true, 
            "iterations": 1, 
            "std_devs": 2
        }, 
        "fit": "Parabolic", 
        "value": 0.006223100615979759
    }, 
    "Ar37": {
        "error": 0.012075864773170268, 
        "filter_outliers_dict": {
            "filter_outliers": true, 
            "iterations": 1, 
            "std_devs": 2
        }, 
        "fit": "linear", 
        "value": -0.24660410371452518
    }, 
    "Ar38": {
        "error": 0.027234021503482673, 
        "filter_outliers_dict": {
            "filter_outliers": true, 
            "iterations": 1, 
            "std_devs": 2
        }, 
        "fit": "linear", 
        "value": -0.3495467469926289
    }, 
    "Ar39": {
        "error": 0.027060388217276913, 
        "filter_outliers_dict": {
            "filter_outliers": true, 
            "iterations": 1, 
            "std_devs": 2
        }, 
        "fit": "Parabolic", 
        "value": 12.188661943345728
    }, 
    "Ar40": {
        "error": 0.035931055042954754, 
        "filter_outliers_dict": {
            "filter_outliers": true, 
            "iterations": 1, 
            "std_devs": 2
        }, 
        "fit": "Parabolic", 
        "value": 173.49401936095325
    }
}