{
    "Ar36": {
        "error": 0.0002864842823083947, 
        "filter_outliers_dict": {
            "filter_outliers": true, 
            "iterations": 2, 
            "std_devs": 2
        }, 
        "fit": "Parabolic", 
        "value": 0.002355247633625345
    }, 
    "Ar37": {
        "error": 0.012465394491650204, 
        "filter_outliers_dict": {
            "filter_outliers": true, 
            "iterations": 2, 
            "std_devs": 2
        }, 
        "fit": "linear", 
        "value": 0.02251915729568008
    }, 
    "Ar38": {
        "error": 0.01402145737066644, 
        "filter_outliers_dict": {
            "filter_outliers": true, 
            "iterations": 2, 
            "std_devs": 2
        }, 
        "fit": "linear", 
        "value": -0.10528377388550372
    }, 
    "Ar39": {
        "error": 0.02498585340708885, 
        "filter_outliers_dict": {
            "filter_outliers": true, 
            "iterations": 2, 
            "std_devs": 2
        }, 
        "fit": "Parabolic", 
        "value": 0.07409958791814247
    }, 
    "Ar40": {
        "error": 0.02164312939379625, 
        "filter_outliers_dict": {
            "filter_outliers": true, 
            "iterations": 2, 
            "std_devs": 2
        }, 
        "fit": "Parabolic", 
        "value": 0.6640354564706727
    }
}