{
    "AX": {
        "error": 0.009310116466192935, 
        "filter_outliers_dict": {
            "filter_outliers": true, 
            "iterations": 1, 
            "std_devs": 2
        }, 
        "fit": "average", 
        "value": -0.12245658504291944
    }, 
    "H1": {
        "error": 0.007871114317388113, 
        "filter_outliers_dict": {
            "filter_outliers": true, 
            "iterations": 1, 
            "std_devs": 2
        }, 
        "fit": "average", 
        "value": 0.062216419834178235
    }, 
    "H2": {
        "error": 0.007237201039498389, 
        "filter_outliers_dict": {
            "filter_outliers": true, 
            "iterations": 1, 
            "std_devs": 2
        }, 
        "fit": "average", 
        "value": -0.09134738389732361
    }, 
    "L1": {
        "error": 0.00837678819546295, 
        "filter_outliers_dict": {
            "filter_outliers": true, 
            "iterations": 1, 
            "std_devs": 2
        }, 
        "fit": "average", 
        "value": -0.16577951027024196
    }, 
    "L2(CDD)": {
        "error": 7.072761074067857e-06, 
        "filter_outliers_dict": {
            "filter_outliers": true, 
            "iterations": 1, 
            "std_devs": 2
        }, 
        "fit": "average", 
        "value": 5.707400344465608e-05
    }
}