{
    "Ar36": {
        "error": 0.0006107649173887901, 
        "filter_outliers_dict": {
            "filter_outliers": true, 
            "iterations": 2, 
            "std_devs": 2
        }, 
        "fit": "Parabolic", 
        "value": 0.06068242024865742
    }, 
    "Ar37": {
        "error": 0.012026822628703254, 
        "filter_outliers_dict": {
            "filter_outliers": true, 
            "iterations": 2, 
            "std_devs": 2
        }, 
        "fit": "linear", 
        "value": -0.16316395938791015
    }, 
    "Ar38": {
        "error": 0.013987736470931995, 
        "filter_outliers_dict": {
            "filter_outliers": true, 
            "iterations": 2, 
            "std_devs": 2
        }, 
        "fit": "linear", 
        "value": 2.0040270824969264
    }, 
    "Ar39": {
        "error": 0.03838346555434775, 
        "filter_outliers_dict": {
            "filter_outliers": true, 
            "iterations": 2, 
            "std_devs": 2
        }, 
        "fit": "Parabolic", 
        "value": 165.4844998884904
    }, 
    "Ar40": {
        "error": 0.14821275444839727, 
        "filter_outliers_dict": {
            "filter_outliers": true, 
            "iterations": 2, 
            "std_devs": 2
        }, 
        "fit": "Parabolic", 
        "value": 2054.95483262975
    }
}