{
    "Ar36": {
        "error": 0.0007261420329909039, 
        "filter_outliers_dict": {
            "filter_outliers": true, 
            "iterations": 2, 
            "std_devs": 2
        }, 
        "fit": "Parabolic", 
        "value": 0.05956813957131413
    }, 
    "Ar37": {
        "error": 0.012713091414877253, 
        "filter_outliers_dict": {
            "filter_outliers": true, 
            "iterations": 2, 
            "std_devs": 2
        }, 
        "fit": "linear", 
        "value": 0.028544229570857293
    }, 
    "Ar38": {
        "error": 0.0136550453602551, 
        "filter_outliers_dict": {
            "filter_outliers": true, 
            "iterations": 2, 
            "std_devs": 2
        }, 
        "fit": "linear", 
        "value": 1.8810013930879963
    }, 
    "Ar39": {
        "error": 0.035965181970083124, 
        "filter_outliers_dict": {
            "filter_outliers": true, 
            "iterations": 2, 
            "std_devs": 2
        }, 
        "fit": "Parabolic", 
        "value": 153.2891999145882
    }, 
    "Ar40": {
        "error": 0.15835369962261284, 
        "filter_outliers_dict": {
            "filter_outliers": true, 
            "iterations": 2, 
            "std_devs": 2
        }, 
        "fit": "Parabolic", 
        "value": 1906.5330252723688
    }
}